,cedula,department,genero,,,,,
0,1037611242,Finanzas,Mujer,,,,,
1,1037611243,Tecnico,Hombre,,,,,
2,1037611244,Finanzas,Hombre,,,,,
3,1037611245,Tecnico,Mujer,,,,,
4,1037611246,Tecnico,Mujer,,,,,
5,1037611247,Tecnico,Mujer,,,,,
6,1037611248,Tecnico,Hombre,,,,,
7,1037611249,Tecnico,Mujer,,,,,
8,1037611250,Finanzas,Mujer,,,,,
9,1037611251,Tecnico,Mujer,,,,,
10,1037611252,Tecnico,Mujer,,,,,
11,1037611253,Tecnico,Hombre,,,,,
12,1037611254,Tecnico,Hombre,,,,,
13,1037611255,Tecnico,Hombre,,,,,
14,538010,Tecnico,Mujer,,,,,
15,1037611257,Tecnico,Mujer,,,,,
16,1037611242,Finanzas,Mujer,,,,,
17,1037611259,Finanzas,Mujer,,,,,
18,1037611260,Tecnico,Hombre,,,,, 
19,1037611261,Tecnico,Mujer,,,,,
20,1037611262,Tecnico,Mujer,,,,,
21,1037611263,Finanzas,Mujer,,,,,
22,1037611264,Tecnico,Hombre,,,,,
23,1037611265,Tecnico,Hombre,,,,,
24,1037611266,Tecnico,Hombre,,,,,
25,1037611267,Tecnico,Hombre,,,,,
26,1037611268,Tecnico,Hombre,,,,,
27,1037611269,Tecnico,Mujer,,,,,
28,1037611270,Finanzas,Mujer,,,,,
29,1037611271,Tecnico,Mujer,,,,,
30,1037611272,Tecnico,Mujer,,,,,
31,1037611273,Finanzas,Hombre,,,,,
32,1037611274,Tecnico,Mujer,,,,,
33,1037611275,Tecnico,Hombre,,,,,
34,1037611276,Tecnico,Mujer,,,,,
35,1037611277,Tecnico,Hombre,,,,,
36,1037611278,Tecnico,Mujer,,,,,
37,1037611279,Finanzas,Hombre,,,,,
38,1037611280,Tecnico,Mujer,,,,,
39,1037611281,Tecnico,Hombre,,,,,
40,1037611282,Tecnico,Hombre,,,,,
41,1037611283,Tecnico,Hombre,,,,,
42,1037611284,Tecnico,Hombre,,,,,
43,1037611285,Tecnico,Hombre,,,,,
44,1037611286,Tecnico,Hombre,,,,,
45,1037611287,Finanzas,Mujer,,,,,
46,1037611288,Tecnico,Mujer,,,,,
47,1037611289,Tecnico,Mujer,,,,,
48,1037611290,Tecnico,Hombre,,,,,
49,1037611291,Finanzas,Hombre,,,,,
50,1037611292,Tecnico,Hombre,,,,,
51,1037611293,Finanzas,Hombre,,,,,
52,1037611294,Tecnico,Hombre,,,,,
53,1037611295,Tecnico,Hombre,,,,,
54,1037611296,Tecnico,Mujer,,,,,
55,1037611297,Finanzas,Hombre,,,,,
56,1037611298,Finanzas,Hombre,,,,,
57,1037611299,Finanzas,Mujer,,,,,
58,1037611300,Finanzas,Hombre,,,,,
59,1037611301,Finanzas,Mujer,,,,,
60,1037611302,Tecnico,Hombre,,,,,
61,1037611303,Finanzas,Hombre,,,,,
62,1037611304,Tecnico,Hombre,,,,,
63,1037611305,Tecnico,Hombre,,,,,
64,1037611306,Tecnico,Mujer,,,,,
65,1037611307,Tecnico,Hombre,,,,,
66,1037611308,Tecnico,Hombre,,,,,
67,1037611309,Finanzas,Hombre,,,,,
68,1037611310,Finanzas,Mujer,,,,,
69,1037611311,Tecnico,Mujer,,,,,
70,1037611312,Tecnico,Mujer,,,,,
71,1037611313,Finanzas,Hombre,,,,,
72,1037611314,Tecnico,Hombre,,,,,
73,1037611315,Finanzas,Mujer,,,,,
74,1037611316,Tecnico,Mujer,,,,,
75,1037611317,Tecnico,Mujer,,,,,
76,1037611318,Finanzas,Hombre,,,,,
77,1037611319,Tecnico,Mujer,,,,,
78,1037611320,Tecnico,Hombre,,,,,
79,1037611321,Tecnico,Hombre,,,,,
80,1037611322,Tecnico,Hombre,,,,,
81,1037611323,Finanzas,Hombre,,,,,
82,1037611324,Tecnico,Hombre,,,,,
83,1037611325,Tecnico,Mujer,,,,,
84,1037611326,Finanzas,Hombre,,,,,
85,1037611327,Tecnico,Hombre,,,,,
86,1037611328,Tecnico,Mujer,,,,,
87,1037611329,Tecnico,Mujer,,,,,
88,1037611330,Tecnico,Mujer,,,,,
89,1037611331,Tecnico,Hombre,,,,,
90,1037611332,Tecnico,Mujer,,,,,
91,1037611333,Tecnico,Hombre,,,,,
92,1037611334,Tecnico,Hombre,,,,,
93,1037611335,Tecnico,Mujer,,,,,
94,1037611336,Finanzas,Mujer,,,,,
95,1037611337,Tecnico,Hombre,,,,,
96,1037611338,Finanzas,Mujer,,,,,
97,1037611339,Tecnico,Mujer,,,,,
98,1037611340,Tecnico,Mujer,,,,,
99,1037611341,Tecnico,Hombre,,,,,
100,1037611342,Finanzas,Mujer,,,,,
101,1037611343,Tecnico,Mujer,,,,,
102,1037611344,Tecnico,Hombre,,,,,
103,1037611345,Finanzas,Mujer,,,,,
104,1037611346,Tecnico,Mujer,,,,,
105,1037611347,Tecnico,Mujer,,,,,
106,1037611348,Finanzas,Hombre,,,,,
107,1037611349,Tecnico,Hombre,,,,,
108,1037611350,Finanzas,Hombre,,,,,
109,1037611351,Tecnico,Mujer,,,,,
110,1037611352,Finanzas,Hombre,,,,,
111,1037611353,Finanzas,Hombre,,,,,
112,1037611354,Tecnico,Hombre,,,,,
113,1037611355,Finanzas,Hombre,,,,,
114,1037611356,Tecnico,Mujer,,,,,
115,1037611357,Tecnico,Hombre,,,,,
116,1037611358,Finanzas,Mujer,,,,,
117,1037611359,Tecnico,Mujer,,,,,
118,1037611360,Tecnico,Mujer,,,,,
119,1037611361,Finanzas,Hombre,,,,,
120,1037611362,Tecnico,Hombre,,,,,
121,1037611363,Finanzas,Hombre,,,,,
122,1037611364,Tecnico,Hombre,,,,,
123,1037611365,Tecnico,Mujer,,,,,
124,1037611366,Tecnico,Mujer,,,,,
125,1037611367,Finanzas,Hombre,,,,,
126,1037611368,Tecnico,Mujer,,,,,
127,1037611369,Finanzas,Mujer,,,,,
128,1037611370,Tecnico,Mujer,,,,,
129,1037611371,Finanzas,Mujer,,,,,
130,1037611372,Tecnico,Mujer,,,,,
131,1037611373,Tecnico,Mujer,,,,,
132,1037611374,Tecnico,Hombre,,,,,
133,1037611375,Finanzas,Hombre,,,,,
134,1037611376,Tecnico,Mujer,,,,,
135,1037611377,Tecnico,Mujer,,,,,
136,1037611378,Tecnico,Hombre,,,,,
137,1037611379,Finanzas,Hombre,,,,,
138,1037611380,Finanzas,Hombre,,,,,
139,1037611381,Finanzas,Mujer,,,,,
140,1037611382,Tecnico,Hombre,,,,,
141,1037611383,Finanzas,Hombre,,,,,
142,1037611384,Finanzas,Mujer,,,,,
143,1037611385,Finanzas,Mujer,,,,,
144,1037611386,Finanzas,Mujer,,,,,
145,1037611387,Tecnico,Mujer,,,,,
146,1037611388,Tecnico,Mujer,,,,,
147,1037611389,Finanzas,Hombre,,,,,
148,1037611390,Tecnico,Mujer,,,,,
149,1037611391,Tecnico,Hombre,,,,,
150,1037611392,Tecnico,Mujer,,,,,
151,1037611393,Tecnico,Hombre,,,,,
152,1037611394,Tecnico,Hombre,,,,,
153,1037611395,Finanzas,Hombre,,,,,
154,1037611396,Tecnico,Mujer,,,,,
155,1037611397,Tecnico,Hombre,,,,,
156,1037611398,Tecnico,Hombre,,,,,
157,1037611399,Tecnico,Hombre,,,,,
158,1037611400,Finanzas,Mujer,,,,,
159,1037611401,Tecnico,Hombre,,,,,
160,1037611402,Finanzas,Mujer,,,,,
161,1037611403,Tecnico,Mujer,,,,,
162,1037611404,Tecnico,Mujer,,,,,
163,1037611405,Tecnico,Mujer,,,,,
164,1037611406,Tecnico,Mujer,,,,,
165,1037611407,Tecnico,Mujer,,,,,
166,1037611408,Finanzas,Mujer,,,,,
167,1037611409,Tecnico,Hombre,,,,,
168,1037611410,Tecnico,Hombre,,,,,
169,1037611411,Tecnico,Mujer,,,,,
170,1037611412,Finanzas,Mujer,,,,,
171,1037611413,Tecnico,Mujer,,,,,
172,1037611414,Tecnico,Mujer,,,,,
173,1037611415,Tecnico,Hombre,,,,,
174,1037611416,Finanzas,Mujer,,,,,
175,1037611417,Finanzas,Hombre,,,,,
176,1037611418,Tecnico,Hombre,,,,,
177,1037611419,Tecnico,Hombre,,,,,
178,1037611420,Tecnico,Hombre,,,,,
179,1037611421,Finanzas,Hombre,,,,,
180,1037611422,Tecnico,Mujer,,,,,
181,1037611423,Tecnico,Mujer,,,,,
182,1037611424,Tecnico,Hombre,,,,,
183,1037611425,Tecnico,Hombre,,,,,
184,1037611426,Tecnico,Mujer,,,,,
185,1037611427,Finanzas,Hombre,,,,,
186,1037611428,Finanzas,Hombre,,,,,
187,1037611429,Finanzas,Hombre,,,,,
188,1037611430,Tecnico,Mujer,,,,,
189,1037611431,Tecnico,Hombre,,,,,
190,1037611432,Finanzas,Hombre,,,,,
191,1037611433,Tecnico,Mujer,,,,,
192,1037611434,Finanzas,Mujer,,,,,
193,1037611435,Finanzas,Hombre,,,,,
194,1037611436,Tecnico,Hombre,,,,,
195,1037611437,Finanzas,Hombre,,,,,
196,1037611438,Finanzas,Mujer,,,,,
197,1037611439,Tecnico,Hombre,,,,,
198,1037611440,Tecnico,Mujer,,,,,
199,1037611441,Tecnico,Mujer,,,,,
200,1037611442,Tecnico,Mujer,,,,,
201,1037611443,Tecnico,Hombre,,,,,
202,1037611444,Tecnico,Mujer,,,,,
203,1037611445,Tecnico,Mujer,,,,,
204,1037611446,Tecnico,Hombre,,,,,
205,1037611447,Finanzas,Mujer,,,,,
206,1037611448,Tecnico,Mujer,,,,,
207,1037611449,Finanzas,Hombre,,,,,
208,1037611450,Tecnico,Hombre,,,,,
209,1037611451,Tecnico,Hombre,,,,,
210,1037611452,Tecnico,Mujer,,,,,
211,1037611453,Tecnico,Mujer,,,,,
212,1037611454,Tecnico,Hombre,,,,,
213,1037611455,Tecnico,Mujer,,,,,
214,1037611456,Tecnico,Hombre,,,,,
215,1037611457,Tecnico,Mujer,,,,,
216,1037611458,Finanzas,Hombre,,,,,
217,1037611459,Tecnico,Hombre,,,,,
218,1037611460,Tecnico,Mujer,,,,,
219,1037611461,Tecnico,Hombre,,,,,
220,1037611462,Tecnico,Hombre,,,,,
221,1037611463,Finanzas,Hombre,,,,,
222,1037611464,Tecnico,Hombre,,,,,
223,1037611465,Tecnico,Hombre,,,,,
224,1037611466,Tecnico,Hombre,,,,,
225,1037611467,Tecnico,Hombre,,,,,
226,1037611468,Tecnico,Hombre,,,,,
227,1037611469,Finanzas,Hombre,,,,,
228,1037611470,Tecnico,Hombre,,,,,
229,1037611471,Tecnico,Mujer,,,,,
230,1037611472,Tecnico,Hombre,,,,,
231,1037611473,Tecnico,Mujer,,,,,
232,1037611474,Tecnico,Mujer,,,,,
233,1037611475,Tecnico,Mujer,,,,,
234,1037611476,Tecnico,Hombre,,,,,
235,1037611477,Tecnico,Hombre,,,,,
236,1037611478,Finanzas,Mujer,,,,,
237,1037611479,Finanzas,Mujer,,,,,
238,1037611480,Tecnico,Hombre,,,,,
239,1037611481,Tecnico,Mujer,,,,,
240,1037611482,Finanzas,Mujer,,,,,
241,1037611483,Tecnico,Mujer,,,,,
242,1037611484,Tecnico,Hombre,,,,,
243,1037611485,Tecnico,Mujer,,,,,
244,1037611486,Tecnico,Mujer,,,,,
245,1037611487,Finanzas,Mujer,,,,,
246,1037611488,Tecnico,Mujer,,,,,
247,1037611489,Finanzas,Mujer,,,,,
248,1037611490,Tecnico,Hombre,,,,,
249,1037611491,Tecnico,Hombre,,,,,
250,1037611492,Tecnico,Mujer,,,,,
251,1037611493,Finanzas,Hombre,,,,,
252,1037611494,Tecnico,Hombre,,,,,
253,1037611495,Finanzas,Mujer,,,,,
254,1037611496,Tecnico,Hombre,,,,,
255,1037611497,Tecnico,Hombre,,,,,
256,1037611498,Tecnico,Mujer,,,,,
257,1037611499,Tecnico,Mujer,,,,,
258,1037611500,Finanzas,Mujer,,,,,
259,1037611501,Finanzas,Hombre,,,,,
260,1037611502,Tecnico,Mujer,,,,,
261,1037611503,Tecnico,Hombre,,,,,
262,1037611504,Finanzas,Hombre,,,,,
263,1037611505,Tecnico,Mujer,,,,,
264,1037611506,Tecnico,Mujer,,,,,
265,1037611507,Finanzas,Hombre,,,,,
266,1037611508,Tecnico,Hombre,,,,,
267,1037611509,Tecnico,Mujer,,,,,
268,1037611510,Tecnico,Mujer,,,,,
269,1037611511,Tecnico,Mujer,,,,,
270,1037611512,Tecnico,Mujer,,,,,
271,1037611513,Tecnico,Mujer,,,,,
272,1037611514,Finanzas,Mujer,,,,,
273,1037611515,Tecnico,Mujer,,,,,
274,1037611516,Tecnico,Mujer,,,,,
275,1037611517,Tecnico,Hombre,,,,,
276,1037611518,Tecnico,Mujer,,,,,
277,1037611519,Tecnico,Mujer,,,,,
278,1037611520,Finanzas,Hombre,,,,,
279,1037611521,Finanzas,Hombre,,,,,
280,1037611522,Finanzas,Mujer,,,,,
281,1037611523,Tecnico,Hombre,,,,,
282,1037611524,Finanzas,Mujer,,,,,
283,1037611525,Finanzas,Mujer,,,,,
284,1037611526,Finanzas,Hombre,,,,,
285,1037611527,Tecnico,Mujer,,,,,
286,1037611528,Finanzas,Mujer,,,,,
287,1037611529,Tecnico,Hombre,,,,,
288,1037611530,Tecnico,Mujer,,,,,
289,1037611531,Tecnico,Mujer,,,,,
290,1037611532,Finanzas,Hombre,,,,,
291,1037611533,Tecnico,Mujer,,,,,
292,1037611534,Tecnico,Hombre,,,,,
293,1037611535,Tecnico,Hombre,,,,,
294,1037611536,Finanzas,Mujer,,,,,
295,1037611537,Tecnico,Hombre,,,,,
296,1037611538,Tecnico,Hombre,,,,,
297,1037611539,Tecnico,Hombre,,,,,
298,1037611540,Tecnico,Hombre,,,,,
299,1037611541,Tecnico,Hombre,,,,,
300,1037611542,Tecnico,Mujer,,,,,
301,1037611543,Tecnico,Mujer,,,,,
302,1037611544,Tecnico,Mujer,,,,,
303,1037611545,Tecnico,Mujer,,,,,
304,1037611546,Tecnico,Mujer,,,,,
305,1037611547,Finanzas,Mujer,,,,,
306,1037611548,Tecnico,Hombre,,,,,
307,1037611549,Tecnico,Hombre,,,,,
308,1037611550,Finanzas,Mujer,,,,,
309,1037611551,Finanzas,Mujer,,,,,
310,1037611552,Tecnico,Hombre,,,,,
311,1037611553,Finanzas,Mujer,,,,,
312,1037611554,Finanzas,Mujer,,,,,
313,1037611555,Finanzas,Mujer,,,,,
314,1037611556,Finanzas,Hombre,,,,,
315,1037611557,Tecnico,Mujer,,,,,
316,1037611558,Tecnico,Hombre,,,,,
317,1037611559,Tecnico,Mujer,,,,,
318,1037611560,Tecnico,Hombre,,,,,
319,1037611561,Tecnico,Mujer,,,,,
320,1037611562,Tecnico,Hombre,,,,,
321,1037611563,Finanzas,Hombre,,,,,
322,1037611564,Tecnico,Mujer,,,,,
323,1037611565,Finanzas,Hombre,,,,,
324,1037611566,Tecnico,Mujer,,,,,
325,1037611567,Finanzas,Hombre,,,,,
326,1037611568,Finanzas,Mujer,,,,,
327,1037611569,Tecnico,Hombre,,,,,
328,1037611570,Finanzas,Mujer,,,,,
329,1037611571,Tecnico,Mujer,,,,,
330,1037611572,Finanzas,Hombre,,,,,
331,1037611573,Tecnico,Mujer,,,,,
332,1037611574,Tecnico,Hombre,,,,,
333,1037611575,Finanzas,Hombre,,,,,
334,1037611576,Tecnico,Hombre,,,,,
335,1037611577,Finanzas,Mujer,,,,,
336,1037611578,Finanzas,Mujer,,,,,
337,1037611579,Tecnico,Hombre,,,,,
338,1037611580,Finanzas,Hombre,,,,,
339,1037611581,Tecnico,Mujer,,,,,
340,1037611582,Tecnico,Mujer,,,,,
341,1037611583,Tecnico,Hombre,,,,,
342,1037611584,Tecnico,Hombre,,,,,
343,1037611585,Tecnico,Hombre,,,,,
344,1037611586,Tecnico,Hombre,,,,,
345,1037611587,Tecnico,Hombre,,,,,
346,1037611588,Tecnico,Mujer,,,,,
347,1037611589,Tecnico,Mujer,,,,,
348,1037611590,Tecnico,Hombre,,,,,
349,1037611591,Tecnico,Mujer,,,,,
350,1037611592,Finanzas,Mujer,,,,,
351,1037611593,Tecnico,Mujer,,,,,
352,1037611594,Tecnico,Hombre,,,,,
353,1037611595,Finanzas,Hombre,,,,,
354,1037611596,Tecnico,Hombre,,,,,
355,1037611597,Finanzas,Mujer,,,,,
356,1037611598,Finanzas,Mujer,,,,,
357,1037611599,Tecnico,Hombre,,,,,
358,1037611600,Finanzas,Hombre,,,,,
359,1037611601,Finanzas,Mujer,,,,,
360,1037611602,Tecnico,Hombre,,,,,
361,1037611603,Finanzas,Hombre,,,,,
362,1037611604,Tecnico,Hombre,,,,,
363,1037611605,Tecnico,Mujer,,,,,
364,1037611606,Finanzas,Mujer,,,,,
365,1037611607,Tecnico,Hombre,,,,,
366,1037611608,Tecnico,Hombre,,,,,
367,1037611609,Tecnico,Hombre,,,,,
368,1037611610,Finanzas,Mujer,,,,,
369,1037611611,Finanzas,Hombre,,,,,
370,1037611612,Tecnico,Mujer,,,,,
371,1037611613,Finanzas,Hombre,,,,,
372,1037611614,Tecnico,Mujer,,,,,
373,1037611615,Tecnico,Hombre,,,,,
374,1037611616,Tecnico,Mujer,,,,,
375,1037611617,Tecnico,Hombre,,,,,
376,1037611618,Tecnico,Mujer,,,,,
377,1037611619,Finanzas,Hombre,,,,,
378,1037611620,Tecnico,Mujer,,,,,
379,1037611621,Tecnico,Mujer,,,,,
380,1037611622,Tecnico,Mujer,,,,,
381,1037611623,Tecnico,Hombre,,,,,
382,1037611624,Tecnico,Hombre,,,,,
383,1037611625,Tecnico,Mujer,,,,,
384,1037611626,Tecnico,Mujer,,,,,
385,1037611627,Finanzas,Mujer,,,,,
386,1037611628,Tecnico,Hombre,,,,,
387,1037611629,Tecnico,Hombre,,,,,
388,1037611630,Finanzas,Mujer,,,,,
389,1037611631,Finanzas,Mujer,,,,,
390,1037611632,Tecnico,Mujer,,,,,
391,1037611633,Tecnico,Mujer,,,,,
392,1037611634,Tecnico,Hombre,,,,,
393,1037611635,Finanzas,Mujer,,,,,
394,1037611636,Tecnico,Mujer,,,,,
395,1037611637,Tecnico,Hombre,,,,,
396,1037611638,Finanzas,Mujer,,,,,
397,1037611639,Finanzas,Hombre,,,,,
398,1037611640,Finanzas,Hombre,,,,,
399,1037611641,Finanzas,Hombre,,,,,
400,1037611642,Tecnico,Mujer,,,,,
401,1037611643,Tecnico,Hombre,,,,,
402,1037611644,Tecnico,Mujer,,,,,
403,1037611645,Finanzas,Hombre,,,,,
404,1037611646,Finanzas,Mujer,,,,,
405,1037611647,Finanzas,Mujer,,,,,
406,1037611648,Tecnico,Mujer,,,,,
407,1037611649,Tecnico,Mujer,,,,,
408,1037611650,Tecnico,Hombre,,,,,
409,1037611651,Tecnico,Mujer,,,,,
410,1037611652,Tecnico,Hombre,,,,,
411,1037611653,Tecnico,Hombre,,,,,
412,1037611654,Tecnico,Mujer,,,,,
413,1037611655,Tecnico,Hombre,,,,,
414,1037611656,Finanzas,Hombre,,,,,
415,1037611657,Tecnico,Hombre,,,,,
416,1037611658,Tecnico,Hombre,,,,,
417,1037611659,Tecnico,Mujer,,,,,
418,1037611660,Finanzas,Hombre,,,,,
419,1037611661,Finanzas,Hombre,,,,,
420,1037611662,Tecnico,Hombre,,,,,
421,1037611663,Finanzas,Mujer,,,,,
422,1037611664,Tecnico,Hombre,,,,,
423,1037611665,Tecnico,Mujer,,,,,
424,1037611666,Tecnico,Mujer,,,,,
425,1037611667,Tecnico,Hombre,,,,,
426,1037611668,Tecnico,Mujer,,,,,
427,1037611669,Tecnico,Hombre,,,,,
428,1037611670,Tecnico,Hombre,,,,,
429,1037611671,Tecnico,Mujer,,,,,
430,1037611672,Tecnico,Hombre,,,,,
431,1037611673,Finanzas,Hombre,,,,,
432,1037611674,Tecnico,Mujer,,,,,
433,1037611675,Tecnico,Mujer,,,,,
434,1037611676,Tecnico,Mujer,,,,,
435,1037611677,Tecnico,Mujer,,,,,
436,1037611678,Tecnico,Mujer,,,,,
437,1037611679,Tecnico,Mujer,,,,,
438,1037611680,Tecnico,Mujer,,,,,
439,1037611681,Tecnico,Hombre,,,,,
440,1037611682,Tecnico,Hombre,,,,,
441,1037611683,Tecnico,Hombre,,,,,
442,1037611684,Tecnico,Hombre,,,,,
443,1037611685,Tecnico,Mujer,,,,,
444,1037611686,Tecnico,Mujer,,,,,
445,1037611687,Tecnico,Hombre,,,,,
446,1037611688,Tecnico,Mujer,,,,,
447,1037611689,Tecnico,Hombre,,,,,
448,1037611690,Tecnico,Mujer,,,,,
449,1037611691,Finanzas,Hombre,,,,,
450,1037611692,Tecnico,Mujer,,,,,
451,1037611693,Tecnico,Mujer,,,,,
452,1037611694,Tecnico,Hombre,,,,,
453,1037611695,Finanzas,Hombre,,,,,
454,1037611696,Finanzas,Mujer,,,,,
455,1037611697,Tecnico,Hombre,,,,,
456,1037611698,Finanzas,Mujer,,,,,
457,1037611699,Finanzas,Hombre,,,,,
458,1037611700,Finanzas,Hombre,,,,,
459,1037611701,Tecnico,Hombre,,,,,
460,1037611702,Finanzas,Hombre,,,,,
461,1037611703,Tecnico,Mujer,,,,,
462,1037611704,Finanzas,Hombre,,,,,
463,1037611705,Tecnico,Mujer,,,,,
464,1037611706,Tecnico,Hombre,,,,,
465,1037611707,Tecnico,Mujer,,,,,
466,1037611708,Tecnico,Hombre,,,,,
467,1037611709,Tecnico,Mujer,,,,,
468,1037611710,Finanzas,Hombre,,,,,
469,1037611711,Tecnico,Hombre,,,,,
470,1037611712,Tecnico,Mujer,,,,,
471,1037611713,Tecnico,Hombre,,,,,
472,1037611714,Finanzas,Mujer,,,,,
473,1037611715,Finanzas,Hombre,,,,,
474,1037611716,Tecnico,Hombre,,,,,
475,1037611717,Finanzas,Mujer,,,,,
476,1037611718,Finanzas,Hombre,,,,,
477,1037611719,Tecnico,Hombre,,,,,
478,1037611720,Finanzas,Hombre,,,,,
479,1037611721,Tecnico,Hombre,,,,,
480,1037611722,Tecnico,Hombre,,,,,
481,1037611723,Finanzas,Hombre,,,,,
482,1037611724,Tecnico,Hombre,,,,,
483,1037611725,Finanzas,Hombre,,,,,
484,1037611726,Finanzas,Hombre,,,,,
485,1037611727,Finanzas,Hombre,,,,,
486,1037611728,Tecnico,Mujer,,,,,
487,1037611729,Tecnico,Mujer,,,,,
488,1037611730,Finanzas,Mujer,,,,,
489,1037611731,Tecnico,Mujer,,,,,
490,1037611732,Tecnico,Mujer,,,,,
491,1037611733,Tecnico,Hombre,,,,,
492,1037611734,Tecnico,Hombre,,,,,
493,1037611735,Tecnico,Mujer,,,,,
494,1037611736,Tecnico,Hombre,,,,,
495,1037611737,Finanzas,Mujer,,,,,
496,1037611738,Finanzas,Mujer,,,,,
497,1037611739,Finanzas,Mujer,,,,,
498,1037611740,Tecnico,Hombre,,,,,
499,1037611741,Finanzas,Hombre,,,,,
500,1037611742,Tecnico,Hombre,,,,,
501,1037611743,Tecnico,Mujer,,,,,
502,1037611744,Tecnico,Mujer,,,,,
503,1037611745,Tecnico,Hombre,,,,,
504,1037611746,Tecnico,Hombre,,,,,
505,1037611747,Finanzas,Mujer,,,,,
506,1037611748,Finanzas,Hombre,,,,,
507,1037611749,Tecnico,Hombre,,,,,
508,1037611750,Tecnico,Hombre,,,,,
509,1037611751,Tecnico,Mujer,,,,,
510,1037611752,Tecnico,Mujer,,,,,
511,1037611753,Tecnico,Hombre,,,,,
512,1037611754,Finanzas,Mujer,,,,,
513,1037611755,Finanzas,Mujer,,,,,
514,1037611756,Finanzas,Hombre,,,,,
515,1037611757,Finanzas,Mujer,,,,,
516,1037611758,Tecnico,Hombre,,,,,
517,1037611759,Tecnico,Hombre,,,,,
518,1037611760,Finanzas,Mujer,,,,,
519,1037611761,Tecnico,Mujer,,,,,
520,1037611762,Tecnico,Mujer,,,,,
521,1037611763,Tecnico,Mujer,,,,,
522,1037611764,Finanzas,Mujer,,,,,
523,1037611765,Tecnico,Mujer,,,,,
524,1037611766,Tecnico,Mujer,,,,,
525,1037611767,Tecnico,Hombre,,,,,
526,1037611768,Finanzas,Mujer,,,,,
527,1037611769,Finanzas,Hombre,,,,,
528,1037611770,Finanzas,Hombre,,,,,
529,1037611771,Finanzas,Mujer,,,,,
530,1037611772,Tecnico,Hombre,,,,,
531,1037611773,Tecnico,Mujer,,,,,
532,1037611774,Finanzas,Mujer,,,,,
533,1037611775,Tecnico,Hombre,,,,,
534,1037611776,Tecnico,Hombre,,,,,
535,1037611777,Tecnico,Hombre,,,,,
536,1037611778,Finanzas,Hombre,,,,,
537,1037611779,Finanzas,Hombre,,,,,
538,1037611780,Tecnico,Mujer,,,,,
539,1037611781,Finanzas,Mujer,,,,,
540,1037611782,Finanzas,Hombre,,,,,
541,1037611783,Tecnico,Hombre,,,,,
542,1037611784,Tecnico,Mujer,,,,,
543,1037611785,Tecnico,Hombre,,,,,
544,1037611786,Finanzas,Mujer,,,,,
545,1037611787,Tecnico,Hombre,,,,,
546,1037611788,Finanzas,Mujer,,,,,
547,1037611789,Tecnico,Mujer,,,,,
548,1037611790,Tecnico,Hombre,,,,,
549,1037611791,Finanzas,Mujer,,,,,
550,1037611792,Tecnico,Hombre,,,,,
551,1037611793,Finanzas,Hombre,,,,,
552,1037611794,Tecnico,Mujer,,,,,
553,1037611795,Tecnico,Hombre,,,,,
554,1037611796,Finanzas,Hombre,,,,,
555,1037611797,Finanzas,Mujer,,,,,
556,1037611798,Tecnico,Mujer,,,,,
557,1037611799,Tecnico,Mujer,,,,,
558,1037611800,Finanzas,Mujer,,,,,
559,1037611801,Tecnico,Hombre,,,,,
560,1037611802,Tecnico,Mujer,,,,,
561,1037611803,Tecnico,Mujer,,,,,
562,1037611804,Tecnico,Hombre,,,,,
563,1037611805,Tecnico,Hombre,,,,,
564,1037611806,Tecnico,Hombre,,,,,
565,1037611807,Finanzas,Hombre,,,,,
566,1037611808,Tecnico,Hombre,,,,,
567,1037611809,Tecnico,Mujer,,,,,
568,1037611810,Tecnico,Hombre,,,,,
569,1037611811,Tecnico,Hombre,,,,,
570,1037611812,Tecnico,Hombre,,,,,
571,1037611813,Tecnico,Mujer,,,,,
572,1037611814,Finanzas,Mujer,,,,,
573,1037611815,Finanzas,Mujer,,,,,
574,1037611816,Tecnico,Mujer,,,,,
575,1037611817,Tecnico,Mujer,,,,,
576,1037611818,Tecnico,Hombre,,,,,
577,1037611819,Tecnico,Hombre,,,,,
578,1037611820,Tecnico,Mujer,,,,,
579,1037611821,Finanzas,Mujer,,,,,
580,1037611822,Tecnico,Mujer,,,,,
581,1037611823,Tecnico,Hombre,,,,,
582,1037611824,Finanzas,Mujer,,,,,
583,1037611825,Tecnico,Hombre,,,,,
584,1037611826,Finanzas,Hombre,,,,,
585,1037611827,Finanzas,Hombre,,,,,
586,1037611828,Tecnico,Mujer,,,,,
587,1037611829,Tecnico,Mujer,,,,,
588,1037611830,Tecnico,Hombre,,,,,
589,1037611831,Tecnico,Hombre,,,,,
590,1037611832,Tecnico,Hombre,,,,,
591,1037611833,Tecnico,Hombre,,,,,
592,1037611834,Tecnico,Hombre,,,,,
593,1037611835,Finanzas,Hombre,,,,,
594,1037611836,Finanzas,Hombre,,,,,
595,1037611837,Tecnico,Mujer,,,,,
596,1037611838,Tecnico,Mujer,,,,,
597,1037611839,Finanzas,Hombre,,,,,
598,1037611840,Tecnico,Mujer,,,,,
599,1037611841,Tecnico,Hombre,,,,,
600,1037611842,Finanzas,Mujer,,,,,
601,1037611843,Finanzas,Hombre,,,,,
602,1037611844,Finanzas,Mujer,,,,,
603,1037611845,Finanzas,Hombre,,,,,
604,1037611846,Tecnico,Mujer,,,,,
605,1037611847,Tecnico,Hombre,,,,,
606,1037611848,Tecnico,Hombre,,,,,
607,1037611849,Tecnico,Mujer,,,,,
608,1037611850,Tecnico,Mujer,,,,,
609,1037611851,Finanzas,Hombre,,,,,
610,1037611852,Tecnico,Mujer,,,,,
611,1037611853,Tecnico,Hombre,,,,,
612,1037611854,Tecnico,Mujer,,,,,
613,1037611855,Tecnico,Hombre,,,,,
614,1037611856,Finanzas,Mujer,,,,,
615,1037611857,Finanzas,Hombre,,,,,
616,1037611858,Tecnico,Mujer,,,,,
617,1037611859,Finanzas,Hombre,,,,,
618,1037611860,Tecnico,Mujer,,,,,
619,1037611861,Tecnico,Hombre,,,,,
620,1037611862,Tecnico,Mujer,,,,,
621,1037611863,Tecnico,Mujer,,,,,
622,1037611864,Tecnico,Mujer,,,,,
623,1037611865,Finanzas,Hombre,,,,,
624,1037611866,Tecnico,Hombre,,,,,
625,1037611867,Finanzas,Mujer,,,,,
626,1037611868,Tecnico,Hombre,,,,,
627,1037611869,Tecnico,Hombre,,,,,
628,1037611870,Tecnico,Hombre,,,,,
629,1037611871,Tecnico,Mujer,,,,,
630,1037611872,Finanzas,Mujer,,,,,
631,1037611873,Tecnico,Hombre,,,,,
632,1037611874,Finanzas,Hombre,,,,,
633,1037611875,Finanzas,Mujer,,,,,
634,1037611876,Tecnico,Hombre,,,,,
635,1037611877,Tecnico,Hombre,,,,,
636,1037611878,Finanzas,Mujer,,,,,
637,1037611879,Finanzas,Mujer,,,,,
638,1037611880,Tecnico,Mujer,,,,,
639,1037611881,Tecnico,Hombre,,,,,
640,1037611882,Tecnico,Mujer,,,,,
641,1037611883,Finanzas,Hombre,,,,,
642,1037611884,Tecnico,Hombre,,,,,
643,1037611885,Tecnico,Hombre,,,,,
644,1037611886,Tecnico,Mujer,,,,,
645,1037611887,Tecnico,Mujer,,,,,
646,1037611888,Finanzas,Mujer,,,,,
647,1037611889,Tecnico,Mujer,,,,,
648,1037611890,Tecnico,Mujer,,,,,
649,1037611891,Tecnico,Mujer,,,,,
650,1037611892,Tecnico,Mujer,,,,,
651,1037611893,Tecnico,Mujer,,,,,
652,1037611894,Tecnico,Hombre,,,,,
653,1037611895,Finanzas,Mujer,,,,,
654,1037611896,Finanzas,Hombre,,,,,
655,1037611897,Finanzas,Hombre,,,,,
656,1037611898,Tecnico,Mujer,,,,,
657,1037611899,Tecnico,Mujer,,,,,
658,1037611900,Tecnico,Mujer,,,,,
659,1037611901,Tecnico,Mujer,,,,,
660,1037611902,Tecnico,Hombre,,,,,
661,1037611903,Tecnico,Hombre,,,,,
662,1037611904,Finanzas,Hombre,,,,,
663,1037611905,Tecnico,Hombre,,,,,
664,1037611906,Tecnico,Mujer,,,,,
665,1037611907,Tecnico,Hombre,,,,,
666,1037611908,Tecnico,Hombre,,,,,
667,1037611909,Finanzas,Mujer,,,,,
668,1037611910,Finanzas,Mujer,,,,,
669,1037611911,Tecnico,Mujer,,,,,
670,1037611912,Finanzas,Mujer,,,,,
671,1037611913,Finanzas,Mujer,,,,,
672,1037611914,Finanzas,Mujer,,,,,
673,1037611915,Tecnico,Hombre,,,,,
674,1037611916,Tecnico,Hombre,,,,,
675,1037611917,Finanzas,Hombre,,,,,
676,1037611918,Tecnico,Mujer,,,,,
677,1037611919,Tecnico,Mujer,,,,,
678,1037611920,Tecnico,Hombre,,,,,
679,1037611921,Tecnico,Mujer,,,,,
680,1037611922,Tecnico,Mujer,,,,,
681,1037611923,Finanzas,Mujer,,,,,
682,1037611924,Finanzas,Mujer,,,,,
683,1037611925,Tecnico,Hombre,,,,,
684,1037611926,Tecnico,Mujer,,,,,
685,1037611927,Tecnico,Mujer,,,,,
686,1037611928,Finanzas,Mujer,,,,,
687,1037611929,Tecnico,Mujer,,,,,
688,1037611930,Tecnico,Mujer,,,,,
689,1037611931,Tecnico,Hombre,,,,,
690,1037611932,Tecnico,Mujer,,,,,
691,1037611933,Tecnico,Mujer,,,,,
692,1037611934,Tecnico,Hombre,,,,,
693,1037611935,Finanzas,Hombre,,,,,
694,1037611936,Finanzas,Hombre,,,,,
695,1037611937,Tecnico,Hombre,,,,,
696,1037611938,Finanzas,Mujer,,,,,
697,1037611939,Tecnico,Mujer,,,,,
698,1037611940,Finanzas,Hombre,,,,,
699,1037611941,Tecnico,Hombre,,,,,
700,1037611942,Tecnico,Mujer,,,,,
701,1037611943,Finanzas,Hombre,,,,,
702,1037611944,Tecnico,Mujer,,,,,
703,1037611945,Tecnico,Mujer,,,,,
704,1037611946,Finanzas,Mujer,,,,,
705,1037611947,Tecnico,Hombre,,,,,
706,1037611948,Tecnico,Hombre,,,,,
707,1037611949,Tecnico,Hombre,,,,,
708,1037611950,Tecnico,Mujer,,,,,
709,1037611951,Tecnico,Mujer,,,,,
710,1037611952,Tecnico,Hombre,,,,,
711,1037611953,Finanzas,Hombre,,,,,
712,1037611954,Finanzas,Hombre,,,,,
713,1037611955,Tecnico,Mujer,,,,,
714,1037611956,Tecnico,Mujer,,,,,
715,1037611957,Tecnico,Mujer,,,,,
716,1037611958,Finanzas,Hombre,,,,,
717,1037611959,Tecnico,Mujer,,,,,
718,1037611960,Finanzas,Mujer,,,,,
719,1037611961,Finanzas,Hombre,,,,,
720,1037611962,Tecnico,Mujer,,,,,
721,1037611963,Finanzas,Mujer,,,,,
722,1037611964,Finanzas,Mujer,,,,,
723,1037611965,Tecnico,Hombre,,,,,
724,1037611966,Tecnico,Mujer,,,,,
725,1037611967,Finanzas,Mujer,,,,,
726,1037611968,Tecnico,Mujer,,,,,
727,1037611969,Finanzas,Mujer,,,,,
728,1037611970,Finanzas,Hombre,,,,,
729,1037611971,Finanzas,Hombre,,,,,
730,1037611972,Tecnico,Hombre,,,,,
731,1037611973,Finanzas,Hombre,,,,,
732,1037611974,Finanzas,Mujer,,,,,
733,1037611975,Tecnico,Hombre,,,,,
734,1037611976,Finanzas,Hombre,,,,,
735,1037611977,Tecnico,Mujer,,,,,
736,1037611978,Tecnico,Hombre,,,,,
737,1037611979,Tecnico,Mujer,,,,,
738,1037611980,Finanzas,Mujer,,,,,
739,1037611981,Finanzas,Mujer,,,,,
740,1037611982,Finanzas,Hombre,,,,,
741,1037611983,Tecnico,Mujer,,,,,
742,1037611984,Tecnico,Hombre,,,,,
743,1037611985,Tecnico,Mujer,,,,,
744,1037611986,Finanzas,Hombre,,,,,
745,1037611987,Tecnico,Hombre,,,,,
746,1037611988,Finanzas,Hombre,,,,,
747,1037611989,Finanzas,Mujer,,,,,
748,1037611990,Tecnico,Mujer,,,,,
749,1037611991,Tecnico,Hombre,,,,,
750,1037611992,Tecnico,Hombre,,,,,
751,1037611993,Finanzas,Mujer,,,,,
752,1037611994,Tecnico,Hombre,,,,,
753,1037611995,Tecnico,Hombre,,,,,
754,1037611996,Finanzas,Hombre,,,,,
755,1037611997,Finanzas,Mujer,,,,,
756,1037611998,Finanzas,Mujer,,,,,
757,1037611999,Finanzas,Hombre,,,,,
758,1037612000,Finanzas,Hombre,,,,,
759,1037612001,Tecnico,Hombre,,,,,
760,1037612002,Tecnico,Hombre,,,,,
761,1037612003,Tecnico,Hombre,,,,,
762,1037612004,Tecnico,Mujer,,,,,
763,1037612005,Finanzas,Hombre,,,,,
764,1037612006,Tecnico,Mujer,,,,,
765,1037612007,Tecnico,Mujer,,,,,
766,1037612008,Tecnico,Mujer,,,,,
767,1037612009,Tecnico,Hombre,,,,,
768,1037612010,Tecnico,Mujer,,,,,
769,1037612011,Finanzas,Hombre,,,,,
770,1037612012,Tecnico,Hombre,,,,,
771,1037612013,Finanzas,Hombre,,,,,
772,1037612014,Tecnico,Hombre,,,,,
773,1037612015,Finanzas,Mujer,,,,,
774,1037612016,Finanzas,Hombre,,,,,
775,1037612017,Finanzas,Mujer,,,,,
776,1037612018,Tecnico,Hombre,,,,,
777,1037612019,Finanzas,Mujer,,,,,
778,1037612020,Tecnico,Hombre,,,,,
779,1037612021,Finanzas,Mujer,,,,,
780,1037612022,Tecnico,Mujer,,,,,
781,1037612023,Tecnico,Mujer,,,,,
782,1037612024,Tecnico,Mujer,,,,,
783,1037612025,Tecnico,Hombre,,,,,
784,1037612026,Tecnico,Mujer,,,,,
785,1037612027,Finanzas,Hombre,,,,,
786,1037612028,Finanzas,Mujer,,,,,
787,1037612029,Finanzas,Mujer,,,,,
788,1037612030,Tecnico,Mujer,,,,,
789,1037612031,Finanzas,Mujer,,,,,
790,1037612032,Finanzas,Mujer,,,,,
791,1037612033,Tecnico,Mujer,,,,,
792,1037612034,Tecnico,Mujer,,,,,
793,1037612035,Finanzas,Hombre,,,,,
794,1037612036,Finanzas,Mujer,,,,,
795,1037612037,Tecnico,Mujer,,,,,
796,1037612038,Finanzas,Hombre,,,,,
797,1037612039,Finanzas,Mujer,,,,,
798,1037612040,Tecnico,Mujer,,,,,
799,1037612041,Finanzas,Hombre,,,,,
800,1037612042,Finanzas,Mujer,,,,,
801,1037612043,Tecnico,Mujer,,,,,
802,1037612044,Finanzas,Mujer,,,,,
803,1037612045,Finanzas,Hombre,,,,,
804,1037612046,Tecnico,Mujer,,,,,
805,1037612047,Finanzas,Mujer,,,,,
806,1037612048,Finanzas,Hombre,,,,,
807,1037612049,Tecnico,Hombre,,,,,
808,1037612050,Tecnico,Mujer,,,,,
809,1037612051,Tecnico,Hombre,,,,,
810,1037612052,Tecnico,Mujer,,,,,
811,1037612053,Finanzas,Mujer,,,,,
812,1037612054,Tecnico,Hombre,,,,,
813,1037612055,Finanzas,Hombre,,,,,
814,1037612056,Tecnico,Hombre,,,,,
815,1037612057,Tecnico,Hombre,,,,,
816,1037612058,Tecnico,Hombre,,,,,
817,1037612059,Tecnico,Hombre,,,,,
818,1037612060,Tecnico,Mujer,,,,,
819,1037612061,Tecnico,Hombre,,,,,
820,1037612062,Finanzas,Hombre,,,,,
821,1037612063,Tecnico,Hombre,,,,,
822,1037612064,Finanzas,Mujer,,,,,
823,1037612065,Tecnico,Hombre,,,,,
824,1037612066,Finanzas,Mujer,,,,,
825,1037612067,Tecnico,Mujer,,,,,
826,1037612068,Finanzas,Hombre,,,,,
827,1037612069,Tecnico,Mujer,,,,,
828,1037612070,Tecnico,Hombre,,,,,
829,1037612071,Tecnico,Hombre,,,,,
830,1037612072,Tecnico,Hombre,,,,,
831,1037612073,Tecnico,Hombre,,,,,
832,1037612074,Tecnico,Hombre,,,,,
833,1037612075,Tecnico,Hombre,,,,,
834,1037612076,Finanzas,Mujer,,,,,
835,1037612077,Tecnico,Mujer,,,,,
836,1037612078,Finanzas,Hombre,,,,,
837,1037612079,Finanzas,Hombre,,,,,
838,1037612080,Tecnico,Hombre,,,,,
839,1037612081,Tecnico,Mujer,,,,,
840,1037612082,Tecnico,Hombre,,,,,
841,1037612083,Tecnico,Hombre,,,,,
842,1037612084,Tecnico,Mujer,,,,,
843,1037612085,Tecnico,Hombre,,,,,
844,1037612086,Tecnico,Mujer,,,,,
845,1037612087,Finanzas,Mujer,,,,,
846,1037612088,Tecnico,Mujer,,,,,
847,1037612089,Finanzas,Hombre,,,,,
848,1037612090,Finanzas,Mujer,,,,,
849,1037612091,Tecnico,Hombre,,,,,
850,1037612092,Tecnico,Mujer,,,,,
851,1037612093,Tecnico,Mujer,,,,,
852,1037612094,Finanzas,Hombre,,,,,
853,1037612095,Finanzas,Hombre,,,,,
854,1037612096,Tecnico,Mujer,,,,,
855,1037612097,Tecnico,Hombre,,,,,
856,1037612098,Finanzas,Hombre,,,,,
857,1037612099,Tecnico,Hombre,,,,,
858,1037612100,Finanzas,Hombre,,,,,
859,1037612101,Finanzas,Mujer,,,,,
860,1037612102,Tecnico,Mujer,,,,,
861,1037612103,Tecnico,Mujer,,,,,
862,1037612104,Finanzas,Hombre,,,,,
863,1037612105,Tecnico,Hombre,,,,,
864,1037612106,Tecnico,Mujer,,,,,
865,1037612107,Finanzas,Hombre,,,,,
866,1037612108,Tecnico,Hombre,,,,,
867,1037612109,Tecnico,Hombre,,,,,
868,1037612110,Finanzas,Hombre,,,,,
869,1037612111,Tecnico,Mujer,,,,,
870,1037612112,Tecnico,Mujer,,,,,
871,1037612113,Tecnico,Mujer,,,,,
872,1037612114,Tecnico,Hombre,,,,,
873,1037612115,Tecnico,Mujer,,,,,
874,1037612116,Tecnico,Mujer,,,,,
875,1037612117,Finanzas,Mujer,,,,,
876,1037612118,Tecnico,Mujer,,,,,
877,1037612119,Tecnico,Mujer,,,,,
878,1037612120,Tecnico,Mujer,,,,,
879,1037612121,Tecnico,Hombre,,,,,
880,1037612122,Tecnico,Mujer,,,,,
881,1037612123,Tecnico,Mujer,,,,,
882,1037612124,Finanzas,Mujer,,,,,
883,1037612125,Finanzas,Mujer,,,,,
884,1037612126,Tecnico,Mujer,,,,,
885,1037612127,Tecnico,Mujer,,,,,
886,1037612128,Tecnico,Hombre,,,,,
887,1037612129,Finanzas,Mujer,,,,,
888,1037612130,Tecnico,Mujer,,,,,
889,1037612131,Tecnico,Hombre,,,,,
890,1037612132,Finanzas,Hombre,,,,,
891,1037612133,Tecnico,Mujer,,,,,
892,1037612134,Tecnico,Hombre,,,,,
893,1037612135,Finanzas,Hombre,,,,,
894,1037612136,Tecnico,Hombre,,,,,
895,1037612137,Tecnico,Hombre,,,,,
896,1037612138,Tecnico,Hombre,,,,,
897,1037612139,Finanzas,Mujer,,,,,
898,1037612140,Tecnico,Mujer,,,,,
899,1037612141,Tecnico,Mujer,,,,,
900,1037612142,Finanzas,Mujer,,,,,
901,1037612143,Tecnico,Mujer,,,,,
902,1037612144,Tecnico,Mujer,,,,,
903,1037612145,Tecnico,Hombre,,,,,
904,1037612146,Finanzas,Hombre,,,,,
905,1037612147,Tecnico,Hombre,,,,,
906,1037612148,Tecnico,Hombre,,,,,
907,1037612149,Tecnico,Mujer,,,,,
908,1037612150,Tecnico,Hombre,,,,,
909,1037612151,Tecnico,Mujer,,,,,
910,1037612152,Finanzas,Hombre,,,,,
911,1037612153,Tecnico,Hombre,,,,,
912,1037612154,Tecnico,Mujer,,,,,
913,1037612155,Tecnico,Mujer,,,,,
914,1037612156,Finanzas,Hombre,,,,,
915,1037612157,Tecnico,Hombre,,,,,
916,1037612158,Finanzas,Hombre,,,,,
917,1037612159,Tecnico,Mujer,,,,,
918,1037612160,Tecnico,Mujer,,,,,
919,1037612161,Finanzas,Hombre,,,,,
920,1037612162,Finanzas,Mujer,,,,,
921,1037612163,Tecnico,Hombre,,,,,
922,1037612164,Finanzas,Hombre,,,,,
923,1037612165,Finanzas,Hombre,,,,,
924,1037612166,Tecnico,Hombre,,,,,
925,1037612167,Tecnico,Mujer,,,,,
926,1037612168,Finanzas,Mujer,,,,,
927,1037612169,Tecnico,Hombre,,,,,
928,1037612170,Tecnico,Hombre,,,,,
929,1037612171,Tecnico,Mujer,,,,,
930,1037612172,Tecnico,Mujer,,,,,
931,1037612173,Finanzas,Hombre,,,,,
932,1037612174,Tecnico,Hombre,,,,,
933,1037612175,Finanzas,Mujer,,,,,
934,1037612176,Tecnico,Mujer,,,,,
935,1037612177,Tecnico,Mujer,,,,,
936,1037612178,Finanzas,Hombre,,,,,
937,1037612179,Tecnico,Hombre,,,,,
938,1037612180,Finanzas,Mujer,,,,,
939,1037612181,Tecnico,Hombre,,,,,
940,1037612182,Finanzas,Mujer,,,,,
941,1037612183,Finanzas,Hombre,,,,,
942,1037612184,Tecnico,Mujer,,,,,
943,1037612185,Tecnico,Mujer,,,,,
944,1037612186,Tecnico,Hombre,,,,,
945,1037612187,Tecnico,Mujer,,,,,
946,1037612188,Tecnico,Hombre,,,,,
947,1037612189,Finanzas,Hombre,,,,,
948,1037612190,Finanzas,Hombre,,,,,
949,1037612191,Tecnico,Hombre,,,,,
950,1037612192,Tecnico,Mujer,,,,,
951,1037612193,Tecnico,Mujer,,,,,
952,1037612194,Tecnico,Mujer,,,,,
953,1037612195,Tecnico,Hombre,,,,,
954,1037612196,Finanzas,Mujer,,,,,
955,1037612197,Tecnico,Mujer,,,,,
956,1037612198,Finanzas,Mujer,,,,,
957,1037612199,Tecnico,Mujer,,,,,
958,1037612200,Tecnico,Hombre,,,,,
959,1037612201,Tecnico,Hombre,,,,,
960,1037612202,Tecnico,Mujer,,,,,
961,1037612203,Tecnico,Hombre,,,,,
962,1037612204,Tecnico,Hombre,,,,,
963,1037612205,Tecnico,Mujer,,,,,
964,1037612206,Tecnico,Mujer,,,,,
965,1037612207,Tecnico,Hombre,,,,,
966,1037612208,Finanzas,Mujer,,,,,
967,1037612209,Finanzas,Mujer,,,,,
968,1037612210,Tecnico,Hombre,,,,,
969,1037612211,Tecnico,Hombre,,,,,
970,1037612212,Finanzas,Hombre,,,,,
971,1037612213,Finanzas,Mujer,,,,,
972,1037612214,Finanzas,Mujer,,,,,
973,1037612215,Tecnico,Hombre,,,,,
974,1037612216,Tecnico,Mujer,,,,,
975,1037612217,Tecnico,Mujer,,,,,
976,1037612218,Tecnico,Mujer,,,,,
977,1037612219,Tecnico,Mujer,,,,,
978,1037612220,Tecnico,Hombre,,,,,
979,1037612221,Tecnico,Hombre,,,,,
980,1037612222,Tecnico,Mujer,,,,,
981,1037612223,Tecnico,Mujer,,,,,
982,1037612224,Tecnico,Hombre,,,,,
983,1037612225,Finanzas,Mujer,,,,,
984,1037612226,Tecnico,Mujer,,,,,
985,1037612227,Finanzas,Mujer,,,,,
986,1037612228,Finanzas,Hombre,,,,,
987,1037612229,Finanzas,Mujer,,,,,
988,1037612230,Tecnico,Mujer,,,,,
989,1037612231,Tecnico,Mujer,,,,,
990,1037612232,Finanzas,Hombre,,,,,
991,1037612233,Tecnico,Mujer,,,,,
992,1037612234,Tecnico,Hombre,,,,,
993,1037612235,Finanzas,Hombre,,,,,
994,1037612236,Tecnico,Mujer,,,,,
995,1037612237,Tecnico,Mujer,,,,,
996,1037612238,Tecnico,Hombre,,,,,
997,1037612239,Tecnico,Hombre,,,,,
998,1037612240,Tecnico,Hombre,,,,,
999,1037612241,Tecnico,Mujer,,,,,
1000,1037612242,Tecnico,Hombre,,,,,
1001,1037612243,Tecnico,Mujer,,,,,
1002,1037612244,Tecnico,Mujer,,,,,
1003,1037612245,Tecnico,Hombre,,,,,
1004,1037612246,Finanzas,Hombre,,,,,
1005,1037612247,Tecnico,Hombre,,,,,
1006,1037612248,Tecnico,Hombre,,,,,
1007,1037612249,Finanzas,Hombre,,,,,
1008,1037612250,Tecnico,Hombre,,,,,
1009,1037612251,Finanzas,Hombre,,,,,
1010,1037612252,Tecnico,Hombre,,,,,
1011,1037612253,Finanzas,Mujer,,,,,
1012,1037612254,Tecnico,Hombre,,,,,
1013,1037612255,Tecnico,Hombre,,,,,
1014,1037612256,Tecnico,Hombre,,,,,
1015,1037612257,Tecnico,Hombre,,,,,
1016,1037612258,Tecnico,Hombre,,,,,
1017,1037612259,Tecnico,Mujer,,,,,
1018,1037612260,Finanzas,Hombre,,,,,
1019,1037612261,Finanzas,Hombre,,,,,
1020,1037612262,Tecnico,Mujer,,,,,
1021,1037612263,Tecnico,Mujer,,,,,
1022,1037612264,Tecnico,Hombre,,,,,
1023,1037612265,Tecnico,Hombre,,,,,
1024,1037612266,Tecnico,Mujer,,,,,
1025,1037612267,Tecnico,Hombre,,,,,
1026,1037612268,Tecnico,Hombre,,,,,
1027,1037612269,Tecnico,Mujer,,,,,
1028,1037612270,Tecnico,Mujer,,,,,
1029,1037612271,Tecnico,Hombre,,,,,
1030,1037612272,Finanzas,Hombre,,,,,
1031,1037612273,Finanzas,Mujer,,,,,
1032,1037612274,Tecnico,Hombre,,,,,
1033,1037612275,Finanzas,Mujer,,,,,
1034,1037612276,Finanzas,Hombre,,,,,
1035,1037612277,Finanzas,Mujer,,,,,
1036,1037612278,Tecnico,Hombre,,,,,
1037,1037612279,Tecnico,Hombre,,,,,
1038,1037612280,Finanzas,Mujer,,,,,
1039,1037612281,Tecnico,Mujer,,,,,
1040,1037612282,Tecnico,Mujer,,,,,
1041,1037612283,Tecnico,Hombre,,,,,
1042,1037612284,Finanzas,Mujer,,,,,
1043,1037612285,Finanzas,Mujer,,,,,
1044,1037612286,Finanzas,Hombre,,,,,
1045,1037612287,Tecnico,Mujer,,,,,
1046,1037612288,Tecnico,Hombre,,,,,
1047,1037612289,Finanzas,Hombre,,,,,
1048,1037612290,Tecnico,Mujer,,,,,
1049,1037612291,Tecnico,Hombre,,,,,
1050,1037612292,Tecnico,Hombre,,,,,
1051,1037612293,Tecnico,Hombre,,,,,
1052,1037612294,Tecnico,Hombre,,,,,
1053,1037612295,Tecnico,Hombre,,,,,
1054,1037612296,Tecnico,Mujer,,,,,
1055,1037612297,Tecnico,Mujer,,,,,
1056,1037612298,Tecnico,Mujer,,,,,
1057,1037612299,Tecnico,Hombre,,,,,
1058,1037612300,Tecnico,Hombre,,,,,
1059,1037612301,Tecnico,Hombre,,,,,
1060,1037612302,Finanzas,Mujer,,,,,
1061,1037612303,Tecnico,Mujer,,,,,
1062,1037612304,Tecnico,Hombre,,,,,
1063,1037612305,Tecnico,Mujer,,,,,
1064,1037612306,Finanzas,Hombre,,,,,
1065,1037612307,Tecnico,Hombre,,,,,
1066,1037612308,Tecnico,Mujer,,,,,
1067,1037612309,Finanzas,Hombre,,,,,
1068,1037612310,Tecnico,Mujer,,,,,
1069,1037612311,Finanzas,Hombre,,,,,
1070,1037612312,Finanzas,Mujer,,,,,
1071,1037612313,Finanzas,Mujer,,,,,
1072,1037612314,Tecnico,Hombre,,,,,
1073,1037612315,Tecnico,Hombre,,,,,
1074,1037612316,Tecnico,Hombre,,,,,
1075,1037612317,Tecnico,Mujer,,,,,
1076,1037612318,Tecnico,Hombre,,,,,
1077,1037612319,Tecnico,Mujer,,,,,
1078,1037612320,Tecnico,Mujer,,,,,
1079,1037612321,Finanzas,Hombre,,,,,
1080,1037612322,Tecnico,Mujer,,,,,
1081,1037612323,Tecnico,Mujer,,,,,
1082,1037612324,Finanzas,Mujer,,,,,
1083,1037612325,Tecnico,Mujer,,,,,
1084,1037612326,Tecnico,Hombre,,,,,
1085,1037612327,Finanzas,Mujer,,,,,
1086,1037612328,Finanzas,Hombre,,,,,
1087,1037612329,Finanzas,Mujer,,,,,
1088,1037612330,Tecnico,Hombre,,,,,
1089,1037612331,Tecnico,Hombre,,,,,
1090,1037612332,Tecnico,Mujer,,,,,
1091,1037612333,Finanzas,Mujer,,,,,
1092,1037612334,Tecnico,Mujer,,,,,
1093,1037612335,Finanzas,Hombre,,,,,
1094,1037612336,Tecnico,Hombre,,,,,
1095,1037612337,Finanzas,Mujer,,,,,
1096,1037612338,Finanzas,Mujer,,,,,
1097,1037612339,Finanzas,Mujer,,,,,
1098,1037612340,Tecnico,Mujer,,,,,
1099,1037612341,Tecnico,Mujer,,,,,
